x,freq,height,width
A,9,0.1875,2
B,15,0.3125,2
C,5,0.104166667,2
D,9,0.1875,4
E,8,0.166666667,8
F,2,0.041666667,10
